time/total_timesteps,time/fps,time/time_elapsed,time/iterations,rollout/ep_len_mean,rollout/ep_rew_mean,train/entropy_loss,train/approx_kl,train/policy_gradient_loss,train/n_updates,train/loss,train/value_loss,train/clip_range_vf,train/learning_rate,train/std,train/explained_variance,train/clip_fraction,train/clip_range,eval/mean_reward,eval/mean_ep_length
4096,973,4,1,120.84848484848484,34.195068359375,,,,,,,,,,,,,,
8192,906,9,2,118.29411764705883,33.566650390625,-4.253330180048943,0.005435905,0.0019513903622282668,5,0.12203583121299744,0.4369064562022686,0.2,0.00019938560000000002,0.997200071811676,-0.24040663242340088,0.26455078125,0.1,,
12288,854,14,3,128.94736842105263,36.25059127807617,-4.247292697429657,0.004080715,0.0006210407300386578,10,0.09501850605010986,0.21109622651711107,0.2,0.00019877120000000003,0.9964864253997803,0.337149441242218,0.218798828125,0.1,,
16384,851,19,4,144.33,39.41563415527344,-4.244973200559616,0.0052159205,-0.003269365994492546,15,0.07169662415981293,0.1567801488097757,0.2,0.0001981568,0.9962543845176697,0.7732780575752258,0.273828125,0.1,,
20000,,,,,,-4.2486488163471225,0.0056122234,-0.00267325195891317,20,0.07134449481964111,0.17641926598735153,0.2,0.00019754240000000001,0.9985001087188721,0.7533868551254272,0.28310546875,0.1,61.076438903808594,299.0
20480,797,25,5,166.83,46.346153259277344,,,,,,,,,,,,,,
24576,782,31,6,190.13,55.672645568847656,-4.2515255272388455,0.005044084,0.0020465480542043225,25,0.09137190878391266,0.2174221208319068,0.2,0.000196928,0.9983908534049988,0.8192700743675232,0.255615234375,0.1,,
28672,779,36,7,213.86,63.92440414428711,-4.24635651409626,0.005156865,-0.00032293247495545073,30,0.10797040909528732,0.27089139446616173,0.2,0.0001963136,0.9953901767730713,0.8225904107093811,0.2640625,0.1,,
32768,773,42,8,237.48,72.66374206542969,-4.239900541305542,0.0044477573,-0.0005432971811387688,35,0.0604943223297596,0.22957387850619854,0.2,0.0001956992,0.9932387471199036,0.9346648454666138,0.221484375,0.1,,
36864,776,47,9,258.05,80.98141479492188,-4.237436670064926,0.0041445955,0.00034378876734990625,40,0.07284638285636902,0.22550470028072594,0.2,0.0001950848,0.9948439598083496,0.8870919346809387,0.213671875,0.1,,
40000,,,,,,-4.241368672251701,0.00423901,-0.0002860771797713824,45,0.034872349351644516,0.15071727358736098,0.2,0.0001944704,0.9951367974281311,0.9211411476135254,0.22158203125,0.1,46.81361389160156,299.0
40960,759,53,10,273.71,88.33533477783203,,,,,,,,,,,,,,
45056,761,59,11,285.11,95.09600830078125,-4.241844123601913,0.0034218319,0.0016466528963064776,50,0.021077031269669533,0.10987144568935037,0.2,0.000193856,0.9951112866401672,0.9371230006217957,0.1904296875,0.1,,
49152,766,64,12,294.38,101.55660247802734,-4.240820670127869,0.004830094,0.0005701403322746045,55,0.029259560629725456,0.07839002875844017,0.2,0.00019324160000000002,0.9944987297058105,0.9506287574768066,0.245166015625,0.1,,
53248,762,69,13,297.3,105.77622985839844,-4.239428782463074,0.00395914,0.00031206986313918604,60,0.0037636905908584595,0.05787576584843919,0.2,0.00019262720000000002,0.9943625330924988,0.9663340449333191,0.215869140625,0.1,,
57344,761,75,14,298.84,109.73943328857422,-4.23739703297615,0.003688939,-0.0006475732152466662,65,-0.00511922687292099,0.04468158350791782,0.2,0.0001920128,0.9926722049713135,0.9738789200782776,0.1953125,0.1,,
60000,,,,,,-4.241631677746772,0.0039305203,-0.0011188011631020345,70,0.007255956530570984,0.04280934407142922,0.2,0.00019139840000000001,0.9966744780540466,0.9740133285522461,0.197021484375,0.1,58.16033935546875,299.0
61440,750,81,15,298.84,114.922607421875,,,,,,,,,,,,,,
65536,753,86,16,299.0,119.51841735839844,-4.2501747637987135,0.0037662983,-0.00019581043015932665,75,0.006060807034373283,0.028428824234288184,0.2,0.000190784,0.998678982257843,0.9874429702758789,0.212451171875,0.1,,
69632,754,92,17,299.0,123.87970733642578,-4.247641476988792,0.0034886329,-0.001880573560265475,80,-0.009864410385489464,0.038885387394111605,0.2,0.0001901696,0.9958429336547852,0.9870352745056152,0.191455078125,0.1,,
73728,756,97,18,299.0,129.2339630126953,-4.246033266186714,0.004055901,-0.0036947277694707736,85,-0.002895541489124298,0.03843336739810184,0.2,0.0001895552,0.9977736473083496,0.9871314167976379,0.206787109375,0.1,,
77824,758,102,19,299.0,133.3902587890625,-4.248698142170906,0.0044012833,-0.003461216404684819,90,-0.015404815785586834,0.035681779647711666,0.2,0.00018894080000000002,0.9973490238189697,0.9890622496604919,0.21357421875,0.1,,
80000,,,,,,-4.246864452958107,0.003188245,-0.0008912341465475038,95,-0.0068539101630449295,0.03972123037092388,0.2,0.0001883264,0.996090829372406,0.9878464937210083,0.1947265625,0.1,125.27156066894531,299.0
81920,750,109,20,299.0,139.88446044921875,,,,,,,,,,,,,,
86016,752,114,21,299.0,147.2872314453125,-4.243767064809799,0.003673821,-0.0030692736065248026,100,-0.020773224532604218,0.026193933037575334,0.2,0.000187712,0.9948639273643494,0.9916695356369019,0.220068359375,0.1,,
90112,754,119,22,299.0,153.46124267578125,-4.238995862007141,0.003837743,-0.003806989455188159,105,-0.014766724780201912,0.02352722951909527,0.2,0.00018709760000000002,0.9934470057487488,0.9935610294342041,0.19140625,0.1,,
94208,756,124,23,299.0,159.68594360351562,-4.227344092726708,0.002791368,-0.00018431599019095302,110,-0.021455880254507065,0.025280688697239383,0.2,0.00018648320000000002,0.9883652329444885,0.9920204281806946,0.178369140625,0.1,,
98304,758,129,24,299.0,166.0254364013672,-4.210743919014931,0.004795772,-0.0017261139146285132,115,-0.01751019060611725,0.021417783608194442,0.2,0.0001858688,0.9827907681465149,0.993205189704895,0.18525390625,0.1,,
100000,,,,,,-4.198140549659729,0.00441863,-0.001553734514163807,120,-0.02192978747189045,0.01614952491945587,0.2,0.0001852544,0.9796862602233887,0.9952316880226135,0.213525390625,0.1,186.50393676757812,299.0
102400,752,136,25,299.0,172.1914520263672,,,,,,,,,,,,,,
106496,754,141,26,299.0,179.40576171875,-4.183018308877945,0.003819999,-0.0016821192257339135,125,-0.024632828310132027,0.013435456156730651,0.2,0.00018464,0.9727341532707214,0.9962353110313416,0.1994140625,0.1,,
110592,757,146,27,299.0,184.01539611816406,-4.168064638972282,0.004105338,-0.0014076792809646576,130,-0.01908060908317566,0.011014815763337538,0.2,0.0001840256,0.9698298573493958,0.996873140335083,0.1958984375,0.1,,
114688,758,151,28,299.0,187.3035125732422,-4.163859131932258,0.00578886,-0.0014777663949644194,135,-0.002559100976213813,0.009930349659407511,0.2,0.0001834112,0.9697780609130859,0.9970068335533142,0.21181640625,0.1,,
118784,760,156,29,299.0,189.39093017578125,-4.156386002898216,0.0044869203,-0.0035164680914022027,140,-0.021490836516022682,0.009585063197300769,0.2,0.00018279680000000002,0.9653260111808777,0.9970324635505676,0.21513671875,0.1,,
120000,,,,,,-4.1439283192157745,0.0043773362,-0.0021125534956809135,145,-0.014538586139678955,0.008807198333670385,0.2,0.0001821824,0.9621109962463379,0.9970861673355103,0.20302734375,0.1,248.82162475585938,299.0
122880,756,162,30,299.0,192.68283081054688,,,,,,,,,,,,,,
126976,759,167,31,299.0,195.93350219726562,-4.128771501779556,0.0038863833,-0.001182591349061113,150,-0.016882333904504776,0.008762759942328557,0.2,0.000181568,0.9559628963470459,0.9967053532600403,0.18994140625,0.1,,
131072,762,172,32,299.0,198.89126586914062,-4.110523635149002,0.0034757555,-0.0018342951691010967,155,-0.016591891646385193,0.0077097545494325456,0.2,0.00018095360000000002,0.9505612850189209,0.9972459673881531,0.196630859375,0.1,,
135168,763,176,33,299.0,201.75650024414062,-4.098159071803093,0.004524524,-0.0016520877776201814,160,-0.02128247357904911,0.006498665807885118,0.2,0.00018033920000000002,0.9475859999656677,0.9974941611289978,0.221240234375,0.1,,
139264,764,182,34,299.0,204.23745727539062,-4.087811842560768,0.0038690548,-0.00022019272000761703,165,-0.010571510531008244,0.006009256711695343,0.2,0.0001797248,0.9440671801567078,0.9979252815246582,0.21015625,0.1,,
140000,,,,,,-4.07801443040371,0.0036546625,7.161135727073997e-05,170,-0.01104838214814663,0.005178306261950638,0.2,0.0001791104,0.9414692521095276,0.9981523156166077,0.186181640625,0.1,202.06735229492188,299.0
143360,759,188,35,299.0,207.60427856445312,,,,,,,,,,,,,,
147456,761,193,36,299.0,211.25082397460938,-4.071291691064834,0.0032709334,-0.0014107392635196447,175,-0.02154875546693802,0.005466144069214351,0.2,0.00017849600000000002,0.939508855342865,0.9981039762496948,0.195068359375,0.1,,
151552,761,199,37,299.0,214.4095458984375,-4.067395567893982,0.004386808,-0.0006332879449473694,180,-0.018124867230653763,0.004346224914479535,0.2,0.0001778816,0.9387032985687256,0.9983987808227539,0.20322265625,0.1,,
155648,762,204,38,299.0,217.28466796875,-4.058084392547608,0.004094148,-0.0001503649080405012,185,-0.027017293497920036,0.004470362921711058,0.2,0.0001772672,0.9341225624084473,0.9983537793159485,0.209326171875,0.1,,
159744,762,209,39,299.0,219.90769958496094,-4.048606252670288,0.003652107,0.0011143483730847946,190,-0.016871456056833267,0.00480472941417247,0.2,0.00017665280000000002,0.9325936436653137,0.998265266418457,0.176513671875,0.1,,
160000,,,,,,-4.04306164085865,0.0037335455,6.505854980787262e-05,195,-0.022163476794958115,0.0031703656422905624,0.2,0.0001760384,0.9307150840759277,0.9988780617713928,0.1986328125,0.1,209.16439819335938,299.0
163840,757,216,40,299.0,222.7246856689453,,,,,,,,,,,,,,
167936,757,221,41,299.0,224.1183624267578,-4.0363928228616714,0.0036708866,0.0001455526376958005,200,-0.02743486687541008,0.003464906808221713,0.2,0.000175424,0.9284579753875732,0.9987196922302246,0.20712890625,0.1,,
172032,757,227,42,299.0,224.57989501953125,-4.0337173640728,0.0037272335,0.00024386502627748996,205,-0.014768712222576141,0.0030346080180606804,0.2,0.00017480960000000001,0.9286198019981384,0.998850405216217,0.20078125,0.1,,
176128,757,232,43,299.0,225.40609741210938,-4.03256117105484,0.0037601807,0.0013640475110150874,210,-0.006268553901463747,0.0037888973733060994,0.2,0.00017419520000000002,0.9277340769767761,0.9984920620918274,0.19208984375,0.1,,
180000,,,,,,-4.027546527981758,0.0035047284,0.00021772057662019506,215,-0.012183098122477531,0.002683372855972266,0.2,0.0001735808,0.9258878231048584,0.9987152814865112,0.1796875,0.1,233.77169799804688,299.0
180224,752,239,44,299.0,226.84718322753906,,,,,,,,,,,,,,
184320,752,244,45,299.0,227.9226531982422,-4.016894891858101,0.003916734,0.002407709264662117,220,0.00102508463896811,0.002824688317923574,0.2,0.0001729664,0.9218114018440247,0.9987248778343201,0.187255859375,0.1,,
188416,751,250,46,299.0,227.08535766601562,-4.011182302236557,0.0047575356,0.00023635655670659617,225,-0.009839198552072048,0.004095624801993836,0.2,0.000172352,0.9215390086174011,0.9979302287101746,0.19169921875,0.1,,
192512,751,256,47,299.0,227.38011169433594,-4.006451994180679,0.0031769408,-0.0017874533717986197,230,-0.014236144721508026,0.003892818272288423,0.2,0.0001717376,0.9190630912780762,0.99820876121521,0.160693359375,0.1,,
196608,752,261,48,299.0,227.65821838378906,-3.9963298082351684,0.003911305,3.502554027363658e-05,235,-0.02059050276875496,0.0024311501343618146,0.2,0.0001711232,0.91582852602005,0.9990183115005493,0.19384765625,0.1,,
200000,,,,,,-3.9898053467273713,0.0043965373,-0.0007874589820858092,240,-0.03159670531749725,0.0032531566845136694,0.2,0.00017050880000000002,0.9147002696990967,0.9986087083816528,0.2033203125,0.1,237.68545532226562,299.0
200704,748,268,49,299.0,229.3013458251953,,,,,,,,,,,,,,
204800,747,274,50,299.0,231.51075744628906,-3.9809129014611244,0.004227314,-0.0009995709813665598,245,-0.01901262439787388,0.0026099516871909145,0.2,0.00016989440000000002,0.910484254360199,0.9987871646881104,0.17705078125,0.1,,
208896,746,279,51,299.0,232.99917602539062,-3.969755358994007,0.0035455097,-0.0017615060700336472,250,-0.017792951315641403,0.0012964136596565368,0.2,0.00016928,0.9079515337944031,0.9994398951530457,0.19794921875,0.1,,
212992,744,286,52,299.0,234.22119140625,-3.9630402460694314,0.004495468,-0.0002574620390078053,255,-0.026639018207788467,0.0017233378304808867,0.2,0.00016866560000000001,0.9065915942192078,0.9993013739585876,0.183837890625,0.1,,
217088,740,293,53,299.0,235.95753479003906,-3.9504622146487236,0.0037617492,-3.443347522988915e-05,260,-0.023354973644018173,0.002022551641857717,0.2,0.00016805120000000002,0.901337206363678,0.9991450309753418,0.19072265625,0.1,,
220000,,,,,,-3.934495973587036,0.0038157704,-0.0022034049718058666,265,-0.0241605956107378,0.00218265387302381,0.2,0.00016743680000000003,0.8959779739379883,0.9989699721336365,0.21279296875,0.1,244.2393035888672,299.0
221184,733,301,54,299.0,236.22605895996094,,,,,,,,,,,,,,
225280,730,308,55,299.0,238.74827575683594,-3.926968644559383,0.004076637,0.00015465903852600603,270,-0.013295600190758705,0.0031629327386326622,0.2,0.0001668224,0.8968985676765442,0.9983616471290588,0.208740234375,0.1,,
229376,726,315,56,299.0,240.58016967773438,-3.9249515160918236,0.0032057278,-0.0007953212421853096,275,-0.035465989261865616,0.0014558114573446801,0.2,0.00016620800000000002,0.8947910666465759,0.9992928504943848,0.180615234375,0.1,,
233472,723,322,57,299.0,241.1871337890625,-3.9159829348325728,0.003883498,-0.0006165406608488411,280,-0.013434985652565956,0.001649704472583835,0.2,0.0001655936,0.8916959166526794,0.9992967844009399,0.21005859375,0.1,,
237568,721,329,58,299.0,242.19894409179688,-3.9033083483576774,0.0038516144,-0.00032906700362218545,285,-0.015940053388476372,0.001525754415342817,0.2,0.0001649792,0.8871971964836121,0.9993007183074951,0.19794921875,0.1,,
240000,,,,,,-3.888842041790485,0.003946306,-0.00031120206404011697,290,-0.02188362181186676,0.0010971370269544423,0.2,0.00016436480000000002,0.8833562731742859,0.9995351433753967,0.188720703125,0.1,258.4864196777344,299.0
241664,716,337,59,299.0,243.45933532714844,,,,,,,,,,,,,,
245760,712,344,60,299.0,242.9544677734375,-3.8772930949926376,0.002952428,-0.0005805102991871536,295,-0.023458264768123627,0.0011950094329222338,0.2,0.00016375040000000002,0.8807366490364075,0.9995259046554565,0.1814453125,0.1,,
249856,709,352,61,299.0,245.0839080810547,-3.8749731555581093,0.003724556,-0.0005136269319336861,300,-0.021425984799861908,0.0031267812817532105,0.2,0.000163136,0.8812989592552185,0.9976380467414856,0.2017578125,0.1,,
253952,708,358,62,299.0,245.86495971679688,-3.872943679988384,0.0039945324,-0.0006560497873579152,305,-0.027485599741339684,0.0013202869278757135,0.2,0.0001625216,0.8795409798622131,0.9993019700050354,0.203125,0.1,,
258048,704,366,63,299.0,245.46224975585938,-3.862793466448784,0.0030083738,0.0004888370021944866,310,-0.02183438464999199,0.0009121053142735036,0.2,0.00016190720000000002,0.8758819103240967,0.9996179342269897,0.16904296875,0.1,,
260000,,,,,,-3.855575455725193,0.0041162837,9.253461321350187e-05,315,-0.019152723252773285,0.002059550737249083,0.2,0.0001612928,0.8749473690986633,0.9989034533500671,0.175048828125,0.1,241.1565704345703,299.0
262144,699,374,64,299.0,244.68048095703125,,,,,,,,,,,,,,
266240,698,381,65,299.0,244.5482940673828,-3.8497805833816527,0.0032566558,-0.0014564386554411612,320,-0.0019566842820495367,0.002677036067689187,0.2,0.0001606784,0.8730760216712952,0.9984474182128906,0.186669921875,0.1,,
270336,699,386,66,299.0,244.56256103515625,-3.8467842608690264,0.0038328022,0.0001330745784798637,325,-0.018997404724359512,0.001549909695313545,0.2,0.00016006400000000002,0.8728845715522766,0.9992719888687134,0.186865234375,0.1,,
274432,700,392,67,299.0,245.0197296142578,-3.843556982278824,0.0033915616,-3.601888020057231e-05,330,-0.018232179805636406,0.001484074587278883,0.2,0.0001594496,0.8708510398864746,0.999296247959137,0.20224609375,0.1,,
278528,699,397,68,299.0,247.23992919921875,-3.8352833151817323,0.004200373,0.00013230554322944953,335,-0.007222912739962339,0.0011274660802882864,0.2,0.0001588352,0.8679808974266052,0.999333381652832,0.19609375,0.1,,
280000,,,,,,-3.8257452622056007,0.0035918735,-0.00027703022205969317,340,-0.022853940725326538,0.001134540304337861,0.2,0.00015822080000000001,0.8659045100212097,0.9993892312049866,0.188916015625,0.1,247.92105102539062,299.0
282624,694,406,69,299.0,247.4229736328125,,,,,,,,,,,,,,
286720,695,412,70,299.0,246.87060546875,-3.8192211002111436,0.0039618243,0.0005526478125830181,345,-0.011989252641797066,0.0011370294607331744,0.2,0.00015760640000000002,0.8646923899650574,0.9994401335716248,0.204150390625,0.1,,
290816,696,417,71,299.0,249.9247589111328,-3.8102391436696053,0.0044981297,0.00027078386483481154,350,-0.011512832716107368,0.0015883464835496851,0.2,0.000156992,0.8609194159507751,0.9991768002510071,0.195263671875,0.1,,
294912,695,423,72,299.0,251.69859313964844,-3.799368093907833,0.004096674,-0.0002604340668767691,355,-0.0220608152449131,0.0010383092441770714,0.2,0.0001563776,0.8585637211799622,0.9994985461235046,0.193310546875,0.1,,
299008,695,430,73,299.0,251.75221252441406,-3.7924445256590844,0.0042687776,-0.0003641681920271367,360,-0.03170951083302498,0.0006938601232832298,0.2,0.0001557632,0.857051432132721,0.9996190071105957,0.19677734375,0.1,,
300000,,,,,,-3.790939527750015,0.0046545397,-9.342108969576657e-05,365,-0.019304728135466576,0.0009874423380097142,0.2,0.00015514880000000003,0.857234001159668,0.9995075464248657,0.203662109375,0.1,253.73867797851562,299.0
303104,693,437,74,299.0,253.45816040039062,,,,,,,,,,,,,,
307200,692,443,75,299.0,254.87664794921875,-3.7842512384057043,0.004012975,-0.0005451027274830267,370,-0.018901081755757332,0.0006326144150079927,0.2,0.0001545344,0.8539937138557434,0.9996495842933655,0.21015625,0.1,,
311296,693,449,76,299.0,254.47767639160156,-3.7758686929941176,0.0037774881,-2.7270548162050546e-05,375,-0.009419027715921402,0.0012222306642797776,0.2,0.00015392000000000002,0.8525133728981018,0.9991503953933716,0.1828125,0.1,,
315392,694,454,77,299.0,255.595703125,-3.7651854038238524,0.004009327,-7.92587801697664e-05,380,-0.02540484629571438,0.000832603543130972,0.2,0.0001533056,0.8476932644844055,0.9994930028915405,0.198828125,0.1,,
319488,694,459,78,299.0,256.9887390136719,-3.7481314063072206,0.0034160432,-0.0006102764906245284,385,-0.021651051938533783,0.0005408498802353279,0.2,0.0001526912,0.8429217338562012,0.9997327327728271,0.205810546875,0.1,,
320000,,,,,,-3.730294460058212,0.004282739,0.000660836070892401,390,-0.019277255982160568,0.0005054154144090717,0.2,0.00015207680000000001,0.8379217982292175,0.9996663928031921,0.21455078125,0.1,256.12799072265625,299.0
323584,693,466,79,299.0,258.10137939453125,,,,,,,,,,,,,,
327680,693,472,80,299.0,258.79302978515625,-3.7141151428222656,0.0041273604,0.0002341480882023461,395,-0.028064817190170288,0.0004707277299530688,0.2,0.00015146240000000002,0.834001362323761,0.9997735023498535,0.19638671875,0.1,,
331776,694,477,81,299.0,259.8377380371094,-3.695328634977341,0.0050179535,0.00018048955535050483,400,-0.023862875998020172,0.0004394049791699217,0.2,0.000150848,0.8280084133148193,0.9998024702072144,0.231787109375,0.1,,
335872,695,483,82,299.0,259.923828125,-3.680378679931164,0.006097654,-0.0005324475685483776,405,-0.00360125582665205,0.0006252416600545984,0.2,0.0001502336,0.8260107040405273,0.9997044205665588,0.209130859375,0.1,,
339968,696,488,83,299.0,260.0218505859375,-3.6736384868621825,0.0033080953,0.0006854348583146929,410,-0.019480552524328232,0.0008204973137253546,0.2,0.00014961920000000002,0.8234851956367493,0.9996857047080994,0.1896484375,0.1,,
340000,,,,,,-3.662603944540024,0.0045535658,0.0013984370860271155,415,-0.004709462635219097,0.0013132316646078835,0.2,0.0001490048,0.8195342421531677,0.9991058707237244,0.213916015625,0.1,258.71588134765625,299.0
344064,695,494,84,299.0,260.7032470703125,,,,,,,,,,,,,,
348160,696,499,85,299.0,261.7486267089844,-3.6462703183293343,0.0036948049,-0.0006165191094623879,420,-0.02847248874604702,0.0004624771039743791,0.2,0.00014839040000000004,0.8157594799995422,0.9997779130935669,0.210498046875,0.1,,
352256,697,505,86,299.0,262.27252197265625,-3.632331670820713,0.004755617,-0.0001546058221720159,425,-0.01488304603844881,0.0003640100246229849,0.2,0.00014777600000000002,0.8117437362670898,0.9998354315757751,0.18447265625,0.1,,
356352,698,510,87,299.0,261.5133056640625,-3.617066390812397,0.004300777,-0.0007962602830957621,430,-0.02814958617091179,0.00045875494397478177,0.2,0.0001471616,0.8072522282600403,0.9997788667678833,0.21083984375,0.1,,
360000,,,,,,-3.605698461830616,0.0038096246,-0.00021411397610791028,435,-0.022872477769851685,0.0006132707971119089,0.2,0.0001465472,0.8059206008911133,0.9996151924133301,0.19453125,0.1,259.1395568847656,299.0
360448,696,517,88,299.0,262.0293273925781,,,,,,,,,,,,,,
364544,697,522,89,299.0,263.3812255859375,-3.5969294980168343,0.004069928,9.41255915677175e-05,440,-0.015296777710318565,0.000411683497895865,0.2,0.0001459328,0.802739679813385,0.9997363090515137,0.2142578125,0.1,,
368640,699,527,90,299.0,264.3490295410156,-3.584586238861084,0.004304953,0.0007298517710296437,445,-0.02375948615372181,0.00029036857340543066,0.2,0.00014531840000000002,0.7993683218955994,0.9998847246170044,0.2080078125,0.1,,
372736,700,532,91,299.0,264.9638366699219,-3.5789794594049456,0.0045777047,0.001178180318675004,450,-0.0297281164675951,0.0005433959175206837,0.2,0.000144704,0.7998428344726562,0.999530553817749,0.209423828125,0.1,,
376832,701,537,92,299.0,264.7213439941406,-3.575461393594742,0.0042778924,-0.0008393880765652284,455,-0.029036907479166985,0.0005948627556790597,0.2,0.0001440896,0.7971177101135254,0.9996485710144043,0.205859375,0.1,,
380000,,,,,,-3.5620995655655863,0.004097647,-0.000802873609791277,460,-0.002922737505286932,0.0004862142504862277,0.2,0.0001434752,0.7927562594413757,0.9997274279594421,0.187890625,0.1,263.6946716308594,299.0
380928,700,543,93,299.0,265.1923522949219,,,,,,,,,,,,,,
385024,701,548,94,299.0,266.8258361816406,-3.546305225789547,0.0038132342,8.751626010052859e-05,465,-0.028677523136138916,0.00027856006654474185,0.2,0.00014286080000000003,0.7896614670753479,0.9998763799667358,0.189404296875,0.1,,
389120,702,554,95,299.0,266.6082458496094,-3.537398432195187,0.004513557,0.00010496590257389471,470,-0.020373106002807617,0.00047901230873321766,0.2,0.0001422464,0.7880916595458984,0.9997345209121704,0.2201171875,0.1,,
393216,702,559,96,299.0,266.91815185546875,-3.5304515928030016,0.005257414,0.001256421479047276,475,-0.01778550259768963,0.0004495530796702951,0.2,0.00014163200000000002,0.786068856716156,0.9997578263282776,0.200634765625,0.1,,
397312,703,564,97,299.0,267.24432373046875,-3.518909464776516,0.004765839,-0.00018899419956142083,480,-0.01829659752547741,0.0002786410464977962,0.2,0.0001410176,0.7821759581565857,0.9998870491981506,0.203515625,0.1,,
400000,,,,,,-3.503974813222885,0.0049318695,0.0008945441848482005,485,-0.00543662765994668,0.0002821414896970964,0.2,0.0001404032,0.778688907623291,0.999835193157196,0.199462890625,0.1,271.66644287109375,299.0
401408,703,570,98,299.0,268.6128234863281,,,,,,,,,,,,,,
405504,703,576,99,299.0,268.76495361328125,-3.4863984256982805,0.0047257426,-0.0007434948747686576,490,-0.008838173933327198,0.0003133034200800466,0.2,0.0001397888,0.7731887698173523,0.9998405575752258,0.20927734375,0.1,,
409600,704,581,100,299.0,268.8550109863281,-3.4674230083823203,0.0054845326,-0.0013825802016071975,495,-0.01805637590587139,0.000315540554584004,0.2,0.00013917440000000002,0.7689598202705383,0.9998692274093628,0.250830078125,0.1,,
413696,705,586,101,299.0,269.1662902832031,-3.4551270261406897,0.0045009707,0.0010181063931668176,500,-0.020391978323459625,0.00030939283524276104,0.2,0.00013856000000000003,0.7672150135040283,0.9998354315757751,0.188427734375,0.1,,
417792,706,591,102,299.0,269.64093017578125,-3.4453229144215585,0.0041972618,-0.0005001940022339113,505,-0.02409537322819233,0.0002495066483788833,0.2,0.0001379456,0.7643189430236816,0.9998974204063416,0.201025390625,0.1,,
420000,,,,,,-3.4323136299848556,0.0048892917,0.0008287523567560128,510,-0.010837653651833534,0.000258568578192353,0.2,0.00013733120000000002,0.7608732581138611,0.9998832941055298,0.208251953125,0.1,268.07476806640625,299.0
421888,705,597,103,299.0,270.12042236328125,,,,,,,,,,,,,,
425984,706,602,104,299.0,270.6174011230469,-3.4198860213160516,0.005118386,-0.001062485446163919,515,-0.029954783618450165,0.00020891999947707517,0.2,0.0001367168,0.7581186890602112,0.9999041557312012,0.245654296875,0.1,,
430080,707,607,105,299.0,270.8706970214844,-3.407865284383297,0.005300295,0.0008517202251823619,520,-0.0189030971378088,0.00024818065166982707,0.2,0.00013610240000000003,0.7547059059143066,0.9998725652694702,0.2205078125,0.1,,
434176,708,612,106,299.0,271.112548828125,-3.3948474675416946,0.004596122,-0.0005347180383978411,525,-0.0211244635283947,0.0001748826829043537,0.2,0.00013548800000000001,0.7519434094429016,0.9999123215675354,0.21650390625,0.1,,
438272,709,617,107,299.0,271.8352355957031,-3.3848334819078447,0.0039842036,0.0007906610517238732,530,-0.016406072303652763,0.00021460679245137725,0.2,0.00013487360000000002,0.7496655583381653,0.9999073147773743,0.212109375,0.1,,
440000,,,,,,-3.3736366748809816,0.0042745494,0.0008435948082478717,535,0.002883360255509615,0.0002045618914962688,0.2,0.0001342592,0.7464447617530823,0.9998841881752014,0.19306640625,0.1,270.4508361816406,299.0
442368,709,623,108,299.0,271.5010070800781,,,,,,,,,,,,,,
446464,710,628,109,299.0,272.0053405761719,-3.358865834772587,0.004084823,0.0009036857692990452,540,0.0012394149089232087,0.00023442417514161207,0.2,0.0001336448,0.74309903383255,0.9998975992202759,0.195068359375,0.1,,
450560,711,633,110,299.0,272.07391357421875,-3.3485921561717986,0.006238511,-0.0008312398829730227,545,-0.019876698032021523,0.00020899684682262887,0.2,0.00013303040000000002,0.7414056658744812,0.9998914003372192,0.238134765625,0.1,,
454656,711,638,111,299.0,271.9980773925781,-3.3402697309851646,0.0044272793,0.001921278389636427,550,-0.016631795093417168,0.00018571176260593348,0.2,0.000132416,0.7387381196022034,0.99992436170578,0.21669921875,0.1,,
458752,713,643,112,299.0,272.0584716796875,-3.3302703157067297,0.003921044,0.0007182168425060809,555,-0.010718794539570808,0.0001790856329989765,0.2,0.0001318016,0.7360804677009583,0.9999206066131592,0.2193359375,0.1,,
460000,,,,,,-3.319391964375973,0.0041359235,-0.0011647332241409459,560,-0.01861174963414669,0.00019711412869583,0.2,0.0001311872,0.7340171337127686,0.9999076724052429,0.214111328125,0.1,277.3794860839844,299.0
462848,712,649,113,299.0,272.11395263671875,,,,,,,,,,,,,,
466944,713,654,114,299.0,272.2008056640625,-3.304979698359966,0.00469212,0.000959438546851743,565,-0.008312135934829712,0.00016202048764171195,0.2,0.00013057280000000002,0.7300650477409363,0.9999325275421143,0.24599609375,0.1,,
471040,714,659,115,299.0,272.5713195800781,-3.2919722095131876,0.0038288427,-6.624909001402557e-05,570,-0.026572996750473976,0.000168319258318661,0.2,0.0001299584,0.727776050567627,0.99992436170578,0.1865234375,0.1,,
475136,715,663,116,299.0,272.982177734375,-3.280794669687748,0.0043649264,-0.00043910130916628986,575,-0.01935899816453457,0.0001742157369335473,0.2,0.00012934400000000001,0.72447270154953,0.9999253749847412,0.217919921875,0.1,,
479232,716,668,117,299.0,273.0035705566406,-3.2639972671866415,0.0052013397,0.00046869559737388044,580,-0.016014035791158676,0.00014650581565547327,0.2,0.00012872960000000002,0.7198834419250488,0.9999446272850037,0.21611328125,0.1,,
480000,,,,,,-3.2451980277895927,0.004734523,-0.0004595119738951325,585,-0.030899599194526672,0.00017941606333806703,0.2,0.0001281152,0.7160784602165222,0.9999164938926697,0.219091796875,0.1,278.88824462890625,299.0
483328,716,674,118,299.0,273.3773498535156,,,,,,,,,,,,,,
487424,717,679,119,299.0,273.86669921875,-3.2353374004364013,0.0038328057,4.567882278934121e-05,590,-0.036615315824747086,0.00015202421373032847,0.2,0.0001275008,0.7154532074928284,0.9999327063560486,0.21845703125,0.1,,
491520,718,684,120,299.0,274.0909118652344,-3.2275656521320344,0.0042123403,-1.1081360571552069e-05,595,-0.01127920113503933,0.00015167422520789842,0.2,0.0001268864,0.7129843831062317,0.9999280571937561,0.2078125,0.1,,
495616,719,689,121,299.0,274.2171630859375,-3.218871572613716,0.004584954,0.0006355357705615461,600,-0.01991911418735981,0.000142206040709425,0.2,0.00012627200000000003,0.7108636498451233,0.9999435544013977,0.226025390625,0.1,,
499712,719,694,122,299.0,274.5455322265625,-3.208946925401688,0.0053276764,-9.941859461832791e-05,605,-0.013508517295122147,0.0001331423721239844,0.2,0.0001256576,0.7090499401092529,0.9999442100524902,0.2126953125,0.1,,
500000,,,,,,-3.197985529899597,0.0044932314,0.0014684290887089445,610,-0.015140089206397533,0.00012051646426698426,0.2,0.00012504320000000002,0.7057690620422363,0.9999461770057678,0.228076171875,0.1,282.22735595703125,299.0
503808,719,700,123,299.0,275.3946533203125,,,,,,,,,,,,,,
507904,720,705,124,299.0,275.8018493652344,-3.18619909286499,0.0047716415,0.001780086781946011,615,-0.01468717772513628,0.00011611068212005193,0.2,0.0001244288,0.7041422724723816,0.9999486207962036,0.18984375,0.1,,
512000,720,710,125,299.0,275.6573791503906,-3.177205777168274,0.0061824936,0.0013753472128883004,620,-0.005809309892356396,0.00012688581946349587,0.2,0.0001238144,0.7017419338226318,0.9999492168426514,0.233447265625,0.1,,
516096,721,715,126,299.0,275.96270751953125,-3.1682108491659164,0.0052652126,0.001954236306482926,625,-0.010385156609117985,0.000138178618180973,0.2,0.0001232,0.6999871134757996,0.9999372363090515,0.220361328125,0.1,,
520000,,,,,,-3.156267926096916,0.0041763308,0.00028881132893729953,630,-0.033486779779195786,0.00013213746974543027,0.2,0.00012258560000000002,0.6967101097106934,0.9999303221702576,0.207958984375,0.1,283.29620361328125,299.0
520192,720,721,127,299.0,276.16827392578125,,,,,,,,,,,,,,
524288,721,726,128,299.0,276.54766845703125,-3.1444433704018593,0.004274411,0.0007149316137656569,635,-0.01404531393200159,0.00011977153942552832,0.2,0.0001219712,0.6951529383659363,0.9999420046806335,0.234228515625,0.1,,
528384,721,731,129,299.0,276.9111022949219,-3.136107276380062,0.004817806,0.00014282086631283163,640,-0.004098345525562763,0.00011172691827141535,0.2,0.00012135680000000001,0.6930060386657715,0.9999538660049438,0.23662109375,0.1,,
532480,722,736,130,299.0,276.9921569824219,-3.1259263277053835,0.0038628639,0.0005621791220619343,645,-0.017649326473474503,0.00012861198247264837,0.2,0.00012074240000000002,0.6909205317497253,0.9999445676803589,0.19326171875,0.1,,
536576,723,741,131,299.0,276.72320556640625,-3.1131955325603484,0.0050837803,0.0005500588507857173,650,-0.023537402972579002,0.00011259934794907167,0.2,0.00012012800000000003,0.6877217292785645,0.999953031539917,0.23447265625,0.1,,
540000,,,,,,-3.1012071684002875,0.0044756746,-0.001638192037353292,655,-0.020049290731549263,0.00012591835538842134,0.2,0.00011951360000000001,0.685666561126709,0.999940037727356,0.222119140625,0.1,286.9565124511719,299.0
540672,722,748,132,299.0,276.8819885253906,,,,,,,,,,,,,,
544768,723,753,133,299.0,277.2860107421875,-3.0903840184211733,0.005244353,0.001858534454368055,660,-0.00759828882291913,9.845904044141207e-05,0.2,0.00011889920000000002,0.6829636096954346,0.9999586939811707,0.241796875,0.1,,
548864,724,758,134,299.0,277.41351318359375,-3.077128018438816,0.004556779,0.0028055771996150724,665,-0.012973523698747158,9.012715267999737e-05,0.2,0.0001182848,0.680111825466156,0.9999504089355469,0.20888671875,0.1,,
552960,724,762,135,299.0,277.5468444824219,-3.0626421689987184,0.0027263197,0.0011221094086067752,670,-0.023401567712426186,0.00011649120131096424,0.2,0.0001176704,0.6766956448554993,0.9999483823776245,0.190625,0.1,,
557056,725,767,136,299.0,277.7164611816406,-3.0466246262192724,0.0042398395,0.0008468300846288912,675,-0.013565696775913239,0.0001548822128370375,0.2,0.00011705600000000001,0.6734998822212219,0.999935507774353,0.23896484375,0.1,,
560000,,,,,,-3.036531466245651,0.0046633673,-0.0004431270936038345,680,-0.022665511816740036,9.553579163821269e-05,0.2,0.00011644160000000002,0.6721362471580505,0.9999610185623169,0.22666015625,0.1,283.844970703125,299.0
561152,725,773,137,299.0,277.5584716796875,,,,,,,,,,,,,,
565248,725,778,138,299.0,277.8009033203125,-3.02654922157526,0.004076276,-4.08606167184189e-05,685,-0.009504749439656734,7.636051000190492e-05,0.2,0.0001158272,0.6695651412010193,0.9999616146087646,0.21533203125,0.1,,
569344,725,784,139,299.0,278.1881103515625,-3.013923926651478,0.004722242,0.0028406528377672657,690,-0.008486684411764145,9.00819318530921e-05,0.2,0.00011521280000000001,0.6668245792388916,0.9999622106552124,0.23876953125,0.1,,
573440,726,789,140,299.0,278.123779296875,-2.998047797381878,0.0047269203,-0.0007934696681331843,695,-0.009885098785161972,9.34365752755184e-05,0.2,0.00011459840000000002,0.6628746390342712,0.9999605417251587,0.22021484375,0.1,,
577536,727,794,141,299.0,278.58416748046875,-2.984395422041416,0.004868321,0.00046500882017426194,700,-0.025354700163006783,0.00012235118711032556,0.2,0.00011398400000000003,0.6609591841697693,0.999955952167511,0.2244140625,0.1,,
580000,,,,,,-2.975507119297981,0.0046958793,0.001000757894507842,705,-0.013937761075794697,8.637091443688404e-05,0.2,0.0001133696,0.6592203974723816,0.9999570846557617,0.22197265625,0.1,286.3112487792969,299.0
581632,726,800,142,299.0,278.6923522949219,,,,,,,,,,,,,,
585728,727,805,143,299.0,278.7492370605469,-2.9633528172969816,0.0063426252,0.0010306429961929099,710,-0.020712099969387054,8.217628965212498e-05,0.2,0.00011275520000000001,0.6559739708900452,0.9999666810035706,0.22958984375,0.1,,
589824,727,810,144,299.0,279.1111145019531,-2.9532005950808524,0.0047506583,0.00034048698289552705,715,-0.014091585762798786,9.329491281278024e-05,0.2,0.0001121408,0.6551381945610046,0.9999628067016602,0.221728515625,0.1,,
593920,728,815,145,299.0,279.0936584472656,-2.9447133406996726,0.0047198255,0.0017613941221497954,720,-0.011394402012228966,8.154340744113143e-05,0.2,0.0001115264,0.6521543860435486,0.99996417760849,0.23388671875,0.1,,
598016,728,820,146,299.0,279.2980651855469,-2.9294779881834985,0.0038646723,-0.0013327411339560057,725,-0.012346622534096241,9.095687705666933e-05,0.2,0.00011091200000000001,0.6487905383110046,0.9999632835388184,0.189697265625,0.1,,
600000,,,,,,-2.9186717212200164,0.004081859,-0.0007680986600462347,730,-0.015044083818793297,7.793809470513224e-05,0.2,0.0001102976,0.6480355858802795,0.9999618530273438,0.21767578125,0.1,288.03741455078125,299.0
602112,727,827,147,299.0,279.4495544433594,,,,,,,,,,,,,,
606208,728,831,148,299.0,279.3324279785156,-2.913619780540466,0.0058075185,0.0007457985950168223,735,-0.021138757467269897,7.850599713492557e-05,0.2,0.00010968320000000001,0.6465415954589844,0.9999545216560364,0.234716796875,0.1,,
610304,728,837,149,299.0,279.64324951171875,-2.9023434668779373,0.0048890035,0.001431699913518969,740,-0.022141333669424057,7.040126599804353e-05,0.2,0.00010906880000000001,0.6435079574584961,0.9999739527702332,0.2314453125,0.1,,
614400,729,842,150,299.0,280.0878601074219,-2.886372272670269,0.005330487,0.0013178433757275343,745,-0.012149354442954063,5.962647480828309e-05,0.2,0.00010845440000000002,0.6403151154518127,0.9999716877937317,0.249658203125,0.1,,
618496,730,847,151,299.0,280.4129638671875,-2.8736141666769983,0.0046762545,6.220256036613137e-05,750,-0.02496464177966118,5.9126850260327046e-05,0.2,0.00010784000000000002,0.6383310556411743,0.9999716877937317,0.219580078125,0.1,,
620000,,,,,,-2.8590319871902468,0.0050682565,0.0012039352921419777,755,-0.0203681830316782,6.872319074773259e-05,0.2,0.0001072256,0.6349624991416931,0.9999732971191406,0.23115234375,0.1,285.385009765625,299.0
622592,729,853,152,299.0,280.35711669921875,,,,,,,,,,,,,,
626688,729,858,153,299.0,280.6349792480469,-2.8456611678004267,0.0054636057,0.0017534996222821064,760,-0.014352232217788696,7.173705652121498e-05,0.2,0.0001066112,0.6329886317253113,0.9999691843986511,0.23369140625,0.1,,
630784,730,863,154,299.0,280.8667907714844,-2.8327151879668238,0.005783959,0.001889725390356034,765,-0.012491820380091667,5.6781122225402214e-05,0.2,0.0001059968,0.6298512816429138,0.9999757409095764,0.25400390625,0.1,,
634880,731,868,155,299.0,280.8202209472656,-2.820719990134239,0.0042463657,0.0027534929424291475,770,-0.0052534169517457485,5.827733880323649e-05,0.2,0.0001053824,0.6286496520042419,0.9999758005142212,0.2267578125,0.1,,
638976,731,873,156,299.0,280.9691467285156,-2.8125355184078216,0.0051088654,0.0010553758358582855,775,-0.006965454202145338,5.957713019597577e-05,0.2,0.00010476800000000001,0.6269612908363342,0.9999755620956421,0.219873046875,0.1,,
640000,,,,,,-2.801830866932869,0.0043336786,0.0014102089946391061,780,-0.015735263004899025,5.314434181400429e-05,0.2,0.00010415360000000002,0.624553382396698,0.9999781847000122,0.219287109375,0.1,284.3280029296875,299.0
643072,729,881,157,299.0,281.05975341796875,,,,,,,,,,,,,,
647168,729,887,158,299.0,281.21533203125,-2.78745800703764,0.0046114577,-3.4788211632985624e-05,785,-0.022205086424946785,5.106197045279259e-05,0.2,0.00010353920000000001,0.6215420961380005,0.9999751448631287,0.2212890625,0.1,,
651264,728,893,159,299.0,281.52581787109375,-2.7735872521996496,0.005669066,-0.00028463001071941105,790,-0.009712965227663517,4.914649641705182e-05,0.2,0.00010292480000000001,0.6191604137420654,0.999981164932251,0.24453125,0.1,,
655360,729,898,160,299.0,281.5943908691406,-2.7608289018273355,0.0049826913,0.0005592007073573768,795,-0.006329156458377838,6.232634107163903e-05,0.2,0.00010231040000000002,0.6168992519378662,0.9999750852584839,0.229248046875,0.1,,
659456,729,904,161,299.0,281.4671630859375,-2.7544620379805567,0.0039952644,0.00021097453718539328,800,-0.027220072224736214,6.980823595768016e-05,0.2,0.000101696,0.6167555451393127,0.999963104724884,0.20947265625,0.1,,
660000,,,,,,-2.7496442794799805,0.0051009003,0.002320442424388602,805,-0.010016385465860367,7.298681586007661e-05,0.2,0.0001010816,0.6152560710906982,0.9999656677246094,0.2271484375,0.1,282.57501220703125,299.0
663552,728,910,162,299.0,281.7119445800781,,,,,,,,,,,,,,
667648,728,916,163,299.0,282.1002197265625,-2.739009587466717,0.004825198,0.0012049111086525955,810,-0.01834157295525074,4.57151154478197e-05,0.2,0.0001004672,0.612506091594696,0.9999806880950928,0.219091796875,0.1,,
671744,729,921,164,299.0,282.0380859375,-2.724737860262394,0.005349775,-0.0001933515290147625,815,-0.0037161214277148247,6.735116944582842e-05,0.2,9.985280000000001e-05,0.6103259921073914,0.9999731183052063,0.229345703125,0.1,,
675840,729,926,165,299.0,282.10845947265625,-2.7128611266613007,0.0064259684,0.0019188591308193282,820,-0.01281270943582058,3.967814465113406e-05,0.2,9.92384e-05,0.6085138916969299,0.9999833106994629,0.23916015625,0.1,,
679936,730,930,166,299.0,281.8819580078125,-2.7015784621238708,0.005144338,-0.0014778816374018788,825,-0.01441856101155281,6.12375796777087e-05,0.2,9.862400000000001e-05,0.6061471700668335,0.9999744892120361,0.22763671875,0.1,,
680000,,,,,,-2.691263434290886,0.0059537026,0.0008645922192954458,830,-0.02040288783609867,5.327243824240213e-05,0.2,9.800960000000002e-05,0.6044905781745911,0.9999777674674988,0.227099609375,0.1,287.8264465332031,299.0
684032,729,937,167,299.0,281.87677001953125,,,,,,,,,,,,,,
688128,730,942,168,299.0,282.22735595703125,-2.676682285964489,0.005353557,-0.0017496445885626598,835,-0.012846137396991253,5.243582481853082e-05,0.2,9.739520000000001e-05,0.6007189154624939,0.9999784827232361,0.2154296875,0.1,,
692224,730,947,169,299.0,282.6075134277344,-2.6630401372909547,0.004191343,0.003945952656795271,840,-0.002035279292613268,5.799510022370668e-05,0.2,9.678080000000001e-05,0.5992725491523743,0.9999707341194153,0.2265625,0.1,,
696320,730,953,170,299.0,282.4325256347656,-2.6551952943205834,0.0044329497,0.0012955204874742776,845,-0.02264065109193325,5.1869238916424365e-05,0.2,9.616640000000001e-05,0.5977694988250732,0.9999781250953674,0.252734375,0.1,,
700000,,,,,,-2.6452130168676375,0.005249342,0.0007308501735678874,850,0.0005523419822566211,4.31034084726889e-05,0.2,9.5552e-05,0.5954728126525879,0.9999768137931824,0.229931640625,0.1,287.9931335449219,299.0
700416,729,960,171,299.0,282.6680603027344,,,,,,,,,,,,,,
704512,729,965,172,299.0,282.3091125488281,-2.6335023015737535,0.0052322205,0.001206006975553464,855,-0.021023062989115715,4.149641274580063e-05,0.2,9.49376e-05,0.5931106805801392,0.9999838471412659,0.25087890625,0.1,,
708608,729,970,173,299.0,282.7530822753906,-2.6203308761119843,0.0049949223,0.0011044264349038713,860,-0.004711871035397053,5.10449886405695e-05,0.2,9.432320000000001e-05,0.5903390049934387,0.9999755024909973,0.21279296875,0.1,,
712704,730,976,174,299.0,282.8116455078125,-2.6071414411067964,0.0044429954,0.000400403855019249,865,-0.017027711495757103,4.827282104997721e-05,0.2,9.37088e-05,0.5880044102668762,0.999980628490448,0.225439453125,0.1,,
716800,730,980,175,299.0,282.8310241699219,-2.5955380335450173,0.0061570997,0.0013898456512833946,870,-0.00019300096028018743,4.341003083254691e-05,0.2,9.30944e-05,0.5858563780784607,0.9999834299087524,0.25595703125,0.1,,
720000,,,,,,-2.583399032056332,0.0042587104,0.0012070809476426802,875,-0.015046540647745132,4.289985416789932e-05,0.2,9.248000000000001e-05,0.5836069583892822,0.9999827742576599,0.220947265625,0.1,284.3762512207031,299.0
720896,730,987,176,299.0,282.52435302734375,,,,,,,,,,,,,,
724992,730,992,177,299.0,282.38201904296875,-2.5743221625685693,0.004221411,0.000608718722651247,880,-0.02354714460670948,5.027522805676199e-05,0.2,9.186560000000002e-05,0.5829939246177673,0.999978244304657,0.19091796875,0.1,,
729088,730,998,178,299.0,282.4510498046875,-2.565605865418911,0.0037983947,0.00043298368182149717,885,-0.0169982872903347,7.075273389318681e-05,0.2,9.125120000000001e-05,0.5804486870765686,0.9999736547470093,0.1990234375,0.1,,
733184,730,1003,179,299.0,282.4631652832031,-2.5516965463757515,0.004668547,0.0024073443026281895,890,-0.0035634832456707954,3.823724014182517e-05,0.2,9.06368e-05,0.5778170228004456,0.9999816417694092,0.237841796875,0.1,,
737280,730,1008,180,299.0,282.2596435546875,-2.5394764453172685,0.00432618,-0.00012795290676876904,895,-0.026772424578666687,4.214976647745061e-05,0.2,9.002240000000001e-05,0.5759592056274414,0.9999802708625793,0.202001953125,0.1,,
740000,,,,,,-2.531570020318031,0.004359058,0.00029642904846696185,900,-0.009414054453372955,5.0306489310969485e-05,0.2,8.9408e-05,0.574888288974762,0.9999754428863525,0.228955078125,0.1,288.41156005859375,299.0
741376,729,1015,181,299.0,282.07159423828125,,,,,,,,,,,,,,
745472,730,1020,182,299.0,282.245849609375,-2.5254181250929832,0.004834931,0.00040950100228656086,905,-0.01805286854505539,6.308398036480867e-05,0.2,8.87936e-05,0.574233889579773,0.9999756217002869,0.236083984375,0.1,,
749568,730,1025,183,299.0,282.0794677734375,-2.5169027388095855,0.0041747727,0.00137298990302952,910,-0.018274718895554543,3.6554887094553125e-05,0.2,8.817920000000001e-05,0.572144091129303,0.9999834895133972,0.20888671875,0.1,,
753664,731,1030,184,299.0,282.45684814453125,-2.5063032627105715,0.0049103755,-0.0009954175591701641,915,-0.012113149277865887,4.745605559719479e-05,0.2,8.75648e-05,0.5704490542411804,0.999981164932251,0.227490234375,0.1,,
757760,731,1035,185,299.0,282.2330627441406,-2.49628719240427,0.0067357924,0.00042892790224868804,920,-0.02036379836499691,3.5408064525199735e-05,0.2,8.69504e-05,0.5688323974609375,0.9999852776527405,0.23876953125,0.1,,
760000,,,,,,-2.4870152190327643,0.004872597,0.0014408344562980347,925,-0.010414368472993374,5.3957909835844474e-05,0.2,8.633600000000001e-05,0.5672059059143066,0.9999764561653137,0.20654296875,0.1,288.29681396484375,299.0
761856,730,1042,186,299.0,282.2160949707031,,,,,,,,,,,,,,
765952,731,1047,187,299.0,282.2113037109375,-2.475405639410019,0.0058922144,0.0009715433116070926,930,-0.023061508312821388,3.257920685655336e-05,0.2,8.572160000000002e-05,0.565120279788971,0.999984860420227,0.2123046875,0.1,,
770048,731,1052,188,299.0,282.4386901855469,-2.464594954252243,0.005880768,-0.0005736684543080628,935,-0.006295911036431789,5.3959133879288856e-05,0.2,8.510720000000001e-05,0.5635346174240112,0.9999757409095764,0.229052734375,0.1,,
774144,731,1058,189,299.0,282.64019775390625,-2.4544404596090317,0.005152883,-0.0004684835424995981,940,-0.01700664311647415,6.618975614856027e-05,0.2,8.44928e-05,0.5613524317741394,0.9999608993530273,0.204443359375,0.1,,
778240,731,1063,190,299.0,282.5274353027344,-2.4469468504190446,0.0061430223,0.001360017721890472,945,-0.008469337597489357,3.5526232744587104e-05,0.2,8.38784e-05,0.5611855983734131,0.9999821186065674,0.265185546875,0.1,,
780000,,,,,,-2.443011024594307,0.004312677,-0.001238979064510204,950,-0.014262882061302662,5.479347672689983e-05,0.2,8.3264e-05,0.5599153637886047,0.9999766945838928,0.220458984375,0.1,288.30474853515625,299.0
782336,731,1069,191,299.0,282.4683837890625,,,,,,,,,,,,,,
786432,731,1074,192,299.0,282.88165283203125,-2.4325510784983635,0.004616833,0.0022416584339225664,955,-0.0049752225168049335,3.552350058271259e-05,0.2,8.26496e-05,0.5580765604972839,0.9999852776527405,0.237353515625,0.1,,
790528,732,1079,193,299.0,283.1710205078125,-2.4209408462047577,0.0044409977,0.00012261144875083118,960,-0.017352527007460594,3.887762061367539e-05,0.2,8.203520000000001e-05,0.5562291145324707,0.9999811053276062,0.226220703125,0.1,,
794624,732,1085,194,299.0,283.263916015625,-2.4091585353016853,0.0046237893,0.00016359991277568043,965,-0.01696857623755932,3.146550541259785e-05,0.2,8.14208e-05,0.5540594458580017,0.9999862909317017,0.224462890625,0.1,,
798720,732,1090,195,299.0,283.39263916015625,-2.3999101147055626,0.005546122,0.0015832751989364624,970,-0.014517438597977161,4.545797371520166e-05,0.2,8.08064e-05,0.5533532500267029,0.9999799132347107,0.243212890625,0.1,,
800000,,,,,,-2.3922332033514975,0.005577457,0.00033266957907471804,975,-0.013078675605356693,4.446033516387615e-05,0.2,8.019200000000001e-05,0.5516471266746521,0.9999822974205017,0.21357421875,0.1,287.34075927734375,299.0
802816,731,1097,196,299.0,283.46380615234375,,,,,,,,,,,,,,
806912,732,1102,197,299.0,283.6128234863281,-2.3816588297486305,0.0064336807,-0.0007889615415479056,980,-0.018893254920840263,4.083677147264098e-05,0.2,7.957760000000002e-05,0.5499733090400696,0.9999800324440002,0.24072265625,0.1,,
811008,732,1107,198,299.0,283.8355407714844,-2.374269711971283,0.005055584,-0.0003849761473247781,985,-0.014049655757844448,4.1177490106747425e-05,0.2,7.896320000000001e-05,0.5492806434631348,0.9999833106994629,0.229052734375,0.1,,
815104,732,1112,199,299.0,284.1083679199219,-2.3684065714478493,0.004948449,0.0010176308467634953,990,-0.011896134354174137,4.011238758039326e-05,0.2,7.83488e-05,0.5481869578361511,0.9999805092811584,0.232470703125,0.1,,
819200,733,1116,200,299.0,284.23590087890625,-2.359216992557049,0.0048912875,3.24903434375301e-05,995,-0.009393869899213314,3.0193036411674257e-05,0.2,7.77344e-05,0.5459185838699341,0.9999858140945435,0.215771484375,0.1,,
820000,,,,,,-2.345703886449337,0.006320158,-0.0006271815014770255,1000,-0.0034361816942691803,4.840860560761939e-05,0.2,7.712e-05,0.5431894063949585,0.9999781250953674,0.2486328125,0.1,287.77435302734375,299.0
823296,733,1123,201,299.0,284.42510986328125,,,,,,,,,,,,,,
827392,732,1128,202,299.0,284.4775085449219,-2.335561269521713,0.0064728446,-0.0001474988690461032,1005,-0.017380032688379288,5.250061648212068e-05,0.2,7.65056e-05,0.5427241921424866,0.9999746680259705,0.23671875,0.1,,
831488,733,1134,203,299.0,284.6980895996094,-2.331944018602371,0.0041594105,0.00035158194950781765,1010,-0.023202015087008476,3.5574549247030515e-05,0.2,7.589120000000001e-05,0.541875422000885,0.9999798536300659,0.19375,0.1,,
835584,733,1139,204,299.0,284.7626647949219,-2.324344868957996,0.0047227778,0.00043607837869785726,1015,-0.0191886518150568,3.1923223593821605e-05,0.2,7.52768e-05,0.540705680847168,0.9999797940254211,0.211181640625,0.1,,
839680,733,1144,205,299.0,284.6045227050781,-2.3158416926860808,0.004003863,0.0015802280700881965,1020,-0.017325952649116516,4.010458312677656e-05,0.2,7.46624e-05,0.5396814346313477,0.9999834895133972,0.21142578125,0.1,,
840000,,,,,,-2.3109091475605963,0.005110004,0.0023280813184101135,1025,-0.012369107455015182,3.878743314089661e-05,0.2,7.4048e-05,0.5392131209373474,0.9999824166297913,0.21904296875,0.1,290.79205322265625,299.0
843776,732,1151,206,299.0,284.2567138671875,,,,,,,,,,,,,,
847872,732,1157,207,299.0,284.0412902832031,-2.307075095176697,0.0053369324,0.00012238381459610536,1030,-0.010340215638279915,3.0085175114891172e-05,0.2,7.343360000000001e-05,0.5386238694190979,0.9999852180480957,0.215673828125,0.1,,
851968,732,1162,208,299.0,283.9052734375,-2.3033518865704536,0.0049681338,0.0003316924761747941,1035,-0.022974230349063873,3.257851829516767e-05,0.2,7.281920000000001e-05,0.5382671356201172,0.9999850392341614,0.2298828125,0.1,,
856064,733,1167,209,299.0,283.8587646484375,-2.301049593091011,0.0056603495,2.782757073873654e-05,1040,-0.018127502873539925,2.691134161523223e-05,0.2,7.220480000000002e-05,0.5384922623634338,0.9999863505363464,0.201904296875,0.1,,
860000,,,,,,-2.2969199404120446,0.004875329,0.0011010658854502253,1045,-0.004324373323470354,4.2129425366965734e-05,0.2,7.15904e-05,0.5371697545051575,0.9999822974205017,0.2103515625,0.1,289.5896911621094,299.0
860160,732,1173,210,299.0,284.0264587402344,,,,,,,,,,,,,,
864256,733,1178,211,299.0,283.7769775390625,-2.2879901483654974,0.0059957644,0.0008120440164930187,1050,-0.00856303982436657,2.8673310850990674e-05,0.2,7.097599999999999e-05,0.5358982086181641,0.9999861121177673,0.211083984375,0.1,,
868352,733,1183,212,299.0,284.0694274902344,-2.2799236938357352,0.004621706,-0.0006019381908117794,1055,-0.019633149728178978,3.1539195117602506e-05,0.2,7.03616e-05,0.5349175333976746,0.9999865293502808,0.221142578125,0.1,,
872448,733,1188,213,299.0,284.3150329589844,-2.27311123162508,0.0035938646,0.0011698819944285788,1060,-0.01952536776661873,2.9189436997967277e-05,0.2,6.974720000000001e-05,0.5334828495979309,0.9999864101409912,0.214794921875,0.1,,
876544,733,1194,214,299.0,284.2745056152344,-2.265581278502941,0.004972981,-0.00047205403534462677,1065,-0.011427357792854309,2.653928686981999e-05,0.2,6.91328e-05,0.5327436327934265,0.9999887347221375,0.1923828125,0.1,,
880000,,,,,,-2.260125622153282,0.0057709226,1.9583037646953018e-05,1070,-0.025400394573807716,2.8708126399124013e-05,0.2,6.85184e-05,0.5318933129310608,0.9999871253967285,0.215234375,0.1,291.2626953125,299.0
880640,733,1201,215,299.0,284.1894226074219,,,,,,,,,,,,,,
884736,733,1205,216,299.0,284.43341064453125,-2.253693389892578,0.0041279076,0.00039738504274282603,1075,-0.024356890469789505,3.619165188410989e-05,0.2,6.7904e-05,0.5310126543045044,0.999985933303833,0.20751953125,0.1,,
888832,733,1211,217,299.0,284.4674987792969,-2.2460388243198395,0.0040561724,0.0009853603492956608,1080,0.007285775616765022,2.7080152568714767e-05,0.2,6.728960000000001e-05,0.5294751524925232,0.9999889135360718,0.214990234375,0.1,,
892928,734,1216,218,299.0,284.6550598144531,-2.236758308112621,0.004165022,0.00019533023150870578,1085,-0.002211988437920809,3.0107888790098514e-05,0.2,6.667520000000001e-05,0.5279867649078369,0.9999871253967285,0.20771484375,0.1,,
897024,733,1222,219,299.0,284.8696594238281,-2.2269947424530985,0.004129229,0.0007506991794798523,1090,-0.008631682023406029,2.4130316427317665e-05,0.2,6.60608e-05,0.5267069339752197,0.9999895095825195,0.200146484375,0.1,,
900000,,,,,,-2.219299651682377,0.0045921803,-0.00045566282351501287,1095,-0.0020268037915229797,2.708393138846077e-05,0.2,6.54464e-05,0.5255895256996155,0.9999894499778748,0.208349609375,0.1,289.6590270996094,299.0
901120,733,1228,220,299.0,284.47332763671875,,,,,,,,,,,,,,
905216,733,1233,221,299.0,284.4385070800781,-2.2132679730653764,0.0047668708,-0.0003471550589893013,1100,-0.022799745202064514,3.990074017110601e-05,0.2,6.483199999999999e-05,0.5244792103767395,0.9999814033508301,0.19111328125,0.1,,
909312,733,1239,222,299.0,284.81390380859375,-2.207480989396572,0.004284282,0.0010497516283066942,1105,-0.007323262747377157,2.3717591955119132e-05,0.2,6.42176e-05,0.5239810347557068,0.9999895095825195,0.194677734375,0.1,,
913408,734,1244,223,299.0,284.8868103027344,-2.2012106090784074,0.0044634733,0.0015060300094773993,1110,-0.011722755618393421,2.687235948428679e-05,0.2,6.360320000000001e-05,0.5226240158081055,0.9999896883964539,0.20478515625,0.1,,
917504,734,1249,224,299.0,285.0997619628906,-2.1936966359615324,0.0036903915,-0.0001738752776873298,1115,-0.02221567928791046,3.3403961481326405e-05,0.2,6.29888e-05,0.5214746594429016,0.9999856948852539,0.209521484375,0.1,,
920000,,,,,,-2.1853124678134916,0.0039791143,0.00019944305677199736,1120,-0.021923143416643143,2.5214486390723324e-05,0.2,6.237440000000001e-05,0.5199299454689026,0.9999890923500061,0.197412109375,0.1,290.85504150390625,299.0
921600,733,1256,225,299.0,284.899658203125,,,,,,,,,,,,,,
925696,733,1261,226,299.0,285.1170654296875,-2.1775113880634307,0.005394673,-0.002126906928606331,1125,-0.011101390235126019,4.624500129466469e-05,0.2,6.176e-05,0.5190672874450684,0.9999818801879883,0.2318359375,0.1,,
929792,733,1266,227,299.0,285.3326416015625,-2.172743855416775,0.004416303,-0.0002096880547469482,1130,-0.008817017078399658,4.140505274108364e-05,0.2,6.114560000000001e-05,0.5183730125427246,0.9999831318855286,0.20458984375,0.1,,
933888,734,1272,228,299.0,285.4017333984375,-2.165569227933884,0.0039741485,-0.0021315180929377675,1135,-0.00586940860375762,2.7382875617831815e-05,0.2,6.053120000000001e-05,0.5168586373329163,0.9999876618385315,0.18720703125,0.1,,
937984,734,1277,229,299.0,285.4184875488281,-2.1563320234417915,0.0033727642,-0.00043458260624902324,1140,-0.018715282902121544,3.337728517180949e-05,0.2,5.9916799999999995e-05,0.5154454112052917,0.9999853372573853,0.176416015625,0.1,,
940000,,,,,,-2.1471825912594795,0.0048816404,0.0001031829699059017,1145,-0.011301537975668907,2.4944191636677715e-05,0.2,5.9302399999999997e-05,0.5139092803001404,0.9999879598617554,0.20087890625,0.1,289.2777099609375,299.0
942080,733,1284,230,299.0,285.58575439453125,,,,,,,,,,,,,,
946176,733,1289,231,299.0,285.5903015136719,-2.1387301802635195,0.00405165,0.00018476935802027583,1150,-0.013002902269363403,2.4358809497471157e-05,0.2,5.8688e-05,0.5127244591712952,0.9999889135360718,0.186376953125,0.1,,
950272,734,1294,232,299.0,285.35772705078125,-2.1337274581193926,0.0038131068,0.0012061453497153706,1155,-0.01136010605841875,2.262778314161551e-05,0.2,5.80736e-05,0.5124085545539856,0.9999892711639404,0.201416015625,0.1,,
954368,734,1299,233,299.0,285.1717529296875,-2.1279054448008536,0.0050854185,-0.0005780775987659581,1160,-0.004362963140010834,3.63801627884186e-05,0.2,5.74592e-05,0.5110571980476379,0.9999855756759644,0.2142578125,0.1,,
958464,734,1304,234,299.0,285.0688171386719,-2.120893532037735,0.0037028315,0.000782491012068931,1165,-0.013789147138595581,2.442810942397955e-05,0.2,5.68448e-05,0.5099981427192688,0.9999880790710449,0.205615234375,0.1,,
960000,,,,,,-2.1144812643527984,0.0041479766,-0.0005429494805866853,1170,-0.008883493021130562,2.1451727565136026e-05,0.2,5.62304e-05,0.509111225605011,0.9999905824661255,0.195556640625,0.1,290.20196533203125,299.0
962560,733,1311,235,299.0,285.20941162109375,,,,,,,,,,,,,,
966656,734,1316,236,299.0,285.0008544921875,-2.109738701581955,0.005806628,0.0014896593784214929,1175,-0.006496371701359749,2.186531903589639e-05,0.2,5.5616000000000004e-05,0.5085963606834412,0.999989926815033,0.215625,0.1,,
970752,734,1321,237,299.0,284.861328125,-2.1026358231902122,0.0038643363,0.0007338293245993555,1180,-0.002263331552967429,1.8633369950293855e-05,0.2,5.500160000000001e-05,0.5071625709533691,0.9999911189079285,0.1791015625,0.1,,
974848,734,1326,238,299.0,284.5795593261719,-2.095033848285675,0.004334304,-0.0010846421006135642,1185,-0.016754785552620888,3.499685702195166e-05,0.2,5.4387200000000014e-05,0.5062459111213684,0.999984622001648,0.18095703125,0.1,,
978944,735,1331,239,299.0,284.8023376464844,-2.090443417429924,0.0054906276,0.0006523602016386576,1190,-0.006368502043187618,4.210511260680505e-05,0.2,5.3772799999999994e-05,0.5057745575904846,0.9999808669090271,0.193212890625,0.1,,
980000,,,,,,-2.085066947340965,0.003075277,-0.0004970185953425243,1195,-0.013208349235355854,2.5446007259688486e-05,0.2,5.3158399999999996e-05,0.5044338703155518,0.9999887943267822,0.200732421875,0.1,286.996337890625,299.0
983040,734,1338,240,299.0,284.8680419921875,,,,,,,,,,,,,,
987136,734,1343,241,299.0,284.74249267578125,-2.0779419764876366,0.0046156114,-0.0020332625921582804,1200,0.0023297066800296307,3.307217353949454e-05,0.2,5.2544e-05,0.5037881731987,0.9999855160713196,0.1619140625,0.1,,
991232,735,1348,242,299.0,285.03118896484375,-2.071775083243847,0.0033857832,-0.0006276375250308774,1205,-0.009824896231293678,2.8860054101187416e-05,0.2,5.19296e-05,0.5025116801261902,0.9999873042106628,0.1833984375,0.1,,
995328,735,1353,243,299.0,284.868408203125,-2.062767732143402,0.0037729796,-0.0003776848083361983,1210,-0.01428750716149807,2.159620350425939e-05,0.2,5.13152e-05,0.5013031363487244,0.9999914765357971,0.190234375,0.1,,
999424,735,1358,244,299.0,285.1412353515625,-2.054743878543377,0.0032629857,-6.332233460852877e-05,1215,-0.008960451930761337,2.061788439959855e-05,0.2,5.07008e-05,0.4998529255390167,0.9999902844429016,0.17080078125,0.1,,
1000000,,,,,,-2.046752317249775,0.0033498951,0.0008243560776463709,1220,-0.006030030082911253,1.884776989982129e-05,0.2,5.008640000000001e-05,0.4988637864589691,0.9999922513961792,0.178662109375,0.1,287.6338806152344,299.0
1003520,734,1365,245,299.0,285.2143249511719,,,,,,,,,,,,,,
